Nombre,Categoría,Teléfono,Web
RegaloOriginal.com,Floristería,919496076,https://www.google.es/intl/es/about/products?tab=lh
Floristería en Madrid Margarita se llama mi Amor,Floristería,913100926,https://www.margaritasellamamiamor.com/
Floristería la flor de la canela. Flores a domicilio Madrid.,Floristería,915534780,http://www.florescanela.com/
Floristería Blooms,Floristería,919472389,https://floristeriablooms.com/
Arteflor Madrid Floristería,Floristería,654068938,https://www.arteflormadrid.com/
Floristería Jardín,Floristería,639688470,https://jardin2000.es/
Floristería Qantu,Floristería,915305122,https://qantu.es/
La Real Flores y Jardines,Floristería,915471577,https://www.google.es/intl/es/about/products?tab=lh
Adhoc Flores Floristería Madrid,Floristería,609008091,https://www.adhocflores.com/?utm_source=gbp&utm_medium=view_website_button&utm_campaign=google-business-profile
Flores de Cavia,Floristería,660542873,https://floresdecaviamadrid.es/
Floristería Menta y Canela,Floristería,915150413,https://www.floresmenta.com/
Floristería Lilium Madrid,Floristería,915534500,https://www.liliummadrid.es/
KS floristería,Floristería,602607812,https://www.google.es/intl/es/about/products?tab=lh
Lorena Marco,Floristería,647354505,http://www.lorenamarco.com/
Floristería MiPiti,Floristería,915717854,https://floristeriamipiti.com/
Floristería El Edén,Floristería,913310904,https://www.google.es/intl/es/about/products?tab=lh
Floristeria Muguet,Floristería,607301668,https://www.instagram.com/floristeriamuguetmadrid/
Punto Flores,Floristería,619979925,http://www.puntoflores.com/
Las flores del Jardín,Floristería,913112442,https://instagram.com/lasfloresdeljardin_?utm_source=ig_profile_share&igshid=mje26ke2rwtu
Floristería Amparo Ciudad De Los Angeles,Floristería,627568801,https://vm.tiktok.com/ZMLFMErv4/
Shangai vivero,Floristería,913838550,https://viverosshangai.es/
Floristería Pétalos,Floristería,918826837,https://floristeriapetalosalcala.com/
Flores Alcalá,Floristería,918891467,https://floresalcala.es/
Floristería los santos niños,Floristería,918789817,https://www.floristeriasantosalcala.com/
Hortensia Arte Floral | Floristería,Floristería,912618819,http://www.hortensiartefloral.com/
Floristería De Tomás,Floristería,918886651,http://www.floristeriadetomas.es/
Floristería Bouquet,Floristería,697655486,http://www.floristeriabouquet.es/
Floristeria Noe,Floristería,912851415,https://floristerianoe.com/
Flores El Jardín del Duende,Floristería,722657065,https://floreseljardindelduende.com/
Área Verde,Floristería,691304632,https://www.google.es/intl/es/about/products?tab=lh
Floristería Carlos,Floristería,918811992,https://www.floristeriacarlos.com/
Flor de Romero,Floristería,912857267,http://www.miflor.es/
Monceau Fleurs,Floristería,918023720,https://monceau-fleurs.es/preguntas-frecuentes
Mon Parnasse Flores,Floristería,918023720,http://www.monparnasse.es/
Floristería Ele,Floristería,,http://www.floristeriaele.es/
Di Manstretta - Taller Floral | Floristería,Floristería,919474647,https://www.google.es/intl/es/about/products?tab=lh
MirFlores Atelier,Floristería,722421637,https://www.mirflores.com/
FlorAlcalá,Floristería,692037571,https://www.google.es/intl/es/about/products?tab=lh
Floristería 5 Rosas,Floristería,624125823,https://www.google.es/intl/es/about/products?tab=lh
Iris,Floristería,918833346,https://www.floristeria-iris.es/
Decano Floristas,Floristería,916905628,http://decanofloristas.com/
Floristerías El Vivero,Floristería,916974242,http://www.floristeriaselvivero.es/
La Floristería de Fuenlabrada by Rosify Box,Floristería,611643400,https://rosifybox.com/
Floristeria Rayma,Floristería,916097085,http://www.floristeriarayma.com/
Floristería Florviva,Floristería,916153427,https://floristeriaflorviva.com/
LA CASA DEL CAMPO,Floristería,916060412,https://www.google.es/intl/es/about/products?tab=lh
Floristería Flores,Floristería,612441708,https://www.google.es/intl/es/about/products?tab=lh
Mariflauers,Floristería,911261593,https://www.mariflauers.com/
Flores Gares,Floristería,916752977,https://www.google.es/intl/es/about/products?tab=lh
Floristería El Trébol,Floristería,916563877,https://www.google.es/intl/es/about/products?tab=lh
Floristería Artifresia Floristas,Floristería,916775607,http://www.artifresiafloristas.es/
Rafael Gares Floristas,Floristería,686242257,http://www.garesfloristas.com/
El Jardín D Antonia,Floristería,643948769,https://www.google.es/intl/es/about/products?tab=lh
Floristería Colores,Floristería,916757854,https://www.google.es/intl/es/about/products?tab=lh
Floristería Edén,Floristería,916148237,https://floristeriamostoleseden.es/
Floristería El Mensaje de las Flores,Floristería,910466436,http://www.elmensajedelasflores.com/
Floristería Las Flores de Carlos,Floristería,912099985,https://lasfloresdecarlos.es/
Floristería Montse,Floristería,916137113,http://floristeriamontse.es/
Floristería jardín de Alicia,Floristería,722229850,http://www.floristeriamostoles.com/
MARANTA Floristas,Floristería,916458615,https://www.marantafloristas.es/
Flores a domicilio Madrid,Floristería,625363825,https://www.floresadomiciliomadrid.com/
Floristeria Mamen,Floristería,912362953,http://www.floristeriamamen.es/
Floristería Merchi Bonsái Shiawase,Floristería,916137709,https://www.google.es/intl/es/about/products?tab=lh
Taller de Flores Primavera,Floristería,916142748,https://www.google.es/intl/es/about/products?tab=lh
"Floristería FLOWERING enviar flores a domicilio a Móstoles, Madrid",Floristería,919483219,https://www.flowering.es/
Selecciones Latorre,Floristería,916133916,http://www.seleccioneslatorrefloristeria.es/
DiDa Eternity,Floristería,625962990,https://www.didaeternity.store/
Las Camelias Arte Floral,Floristería,914860450,https://www.lascameliasartefloral.com/
"C. Huesca, 17, FLORISTERÍA",Floristería,,https://www.google.es/intl/es/about/products?tab=lh
El Jardín de Cris,Floristería,669725526,https://www.google.es/intl/es/about/products?tab=lh
Detalles y Caprichos,Floristería,624409088,http://detallesycapricho.com/?utm_source=gmb&utm_medium=referral
Malpica Floristas,Floristería,916657057,https://malpicafloristeria.com/
Beaucarnea Floristeria,Floristería,916890101,http://www.floristeriabeaucarnea.com/
Viveros Projardín s.a,Floristería,916442213,https://www.viverosprojardin.com/informacion-y-contacto/?utm_campaign=Tr%C3%A1fico%20GMB&utm_source=GMB&utm_medium=SEO
Floristería Eterna Primavera,Floristería,916956271,https://eternaprimaveratichigifts.com/
Floristería Panés,Floristería,916815057,https://www.google.es/intl/es/about/products?tab=lh
MARSILEA FLORISTAS,Floristería,912998101,https://www.google.es/intl/es/about/products?tab=lh
Floristeria Capricho,Floristería,916839668,https://www.google.es/intl/es/about/products?tab=lh
PACHAMOR FLORISTERIA,Floristería,624046380,https://www.google.es/intl/es/about/products?tab=lh
Floristeria La Buganvilla de Lupi,Floristería,910827251,https://www.google.es/intl/es/about/products?tab=lh
QUILES Floristería,Floristería,913112444,https://www.grupoquiles.es/
Flor tienda,Floristería,910338777,https://www.google.es/intl/es/about/products?tab=lh
Pepe Camacho Floristeria | Taller y Proyectos Florales,Floristería,606645349,https://linktr.ee/pepecamacho
Floréate VENTA ONLINE,Floristería,633757667,https://www.google.es/intl/es/about/products?tab=lh
DreamLamb Floristas,Floristería,697732013,http://dreamlambfloristas.es/
Variantes Flores Sánchez,Floristería,,https://www.google.es/intl/es/about/products?tab=lh
Tienda de flores,Floristería,911300000,https://www.google.es/intl/es/about/products?tab=lh
Galva Floristas,Floristería,916863196,http://www.galvafloristas.com/
Floristería La Irónica,Floristería,644989444,https://floristerialaironica.com/
Manualidades y Regalos LINA MAR,Floristería,916822224,http://www.regaloslinamar.es/
Alonso Floristas,Floristería,916809788,https://alonsofloristas.es/
Floristería Las Dalias,Floristería,696494791,https://floristerialasrozas.com/
VerdePimienta,Floristería,916371515,https://www.verdepimienta.es/
Floristería Iris,Floristería,614878448,https://www.instagram.com/irisflorynata?igsh=MWo5ZnA1aTB5NW8wZA==
Floristería Ramo Silvestre,Floristería,638680539,https://www.ramosilvestre.com/
A Flor de Piel,Floristería,615004289,http://www.floristeriaenlasrozas.es/
LA GARDENIA 2.0,Floristería,910429329,https://www.google.es/intl/es/about/products?tab=lh
PATIO HOLANDÉS Floristeria- Decoración,Floristería,673678607,https://www.ninomiyaeventos.com/
Espacio Floral garden,Floristería,646125079,https://www.google.es/intl/es/about/products?tab=lh
FLORISTERÍA BUENOS AIRES.,Floristería,663905205,https://www.google.es/intl/es/about/products?tab=lh
Brunnera Boutique,Floristería,696725679,https://brunnera.es/
Floristería en Majadahonda El Cortijo,Floristería,618072288,https://floristeriaelcortijo.com/
Regalos Personalizados En Vez de Flores,Floristería,915984909,http://www.envezdeflores.com/
Pistacia ❀ Floristería en Majadahonda,Floristería,681309625,https://pistacia.es/?utm_source=My_business&utm_medium=Ficha&utm_id=Google
Floristería ENEBRO,Floristería,916395750,https://www.google.es/intl/es/about/products?tab=lh
Provocateur Roses Majadahonda,Floristería,622704114,https://provocateurroses.com/
La Gardenia Flores Y Plantas Sl.,Floristería,,https://www.google.es/intl/es/about/products?tab=lh
Mon Parnasse Flores - C.C. Oeste Majadahonda,Floristería,917553686,https://monparnasse.es/
Floristería Ariadna,Floristería,634025433,https://www.google.es/intl/es/about/products?tab=lh
Verdecora Majadahonda,Floristería,916394012,https://verdecora.es/tiendas/2-majadahonda-madrid
Acebal,Floristería,608696121,https://www.google.es/intl/es/about/products?tab=lh
Flores Toñi,Floristería,918504561,http://www.xn--florestoi-s6a.com/
Floristería Los Olivos,Floristería,918516900,https://www.google.es/intl/es/about/products?tab=lh
Floristeria Nukka Flores Y Plantas,Floristería,910269902,https://www.google.es/intl/es/about/products?tab=lh
Floristería Angie,Floristería,646396504,https://www.google.es/intl/es/about/products?tab=lh
FloreHadas,Floristería,660181156,http://www.florehadas.com/
Floristería Villalba P-29 S.L.,Floristería,918499100,https://floresvillalba.com/
Flores Losan,Floristería,918503081,http://www.floreslosan.com/
Curiosite Regalos Originales,Tienda de regalos,911413305,https://www.curiosite.es/
Tienda de Regalos Daelva,Tienda de regalos,633857813,https://tiendaregalos.eu/
Gracias Mamá - Tienda de Regalos Originales,Tienda de regalos,913665274,https://www.google.es/intl/es/about/products?tab=lh
La Tienda de los Deseos,Tienda de regalos,607220497,http://www.latiendadelosdeseos.com/
Gift Center Tienda de regalos,Tienda de regalos,,https://www.giftcenter.es/
Detalles para ti Madrid,Tienda de regalos,643556891,https://detallesparatimadrid.com/
Madrid al Cubo,Tienda de regalos,627452053,https://www.google.es/intl/es/about/products?tab=lh
Curiosity shop,Tienda de regalos,913658422,http://www.curiosityshop.es/
La Integral,Tienda de regalos,914296918,http://www.laintegral25.com/
Lola shop,Tienda de regalos,,https://www.google.es/intl/es/about/products?tab=lh
Zakka,Tienda de regalos,911392364,https://www.google.es/intl/es/about/products?tab=lh
Regalos Cuchi Cuchi,Tienda de regalos,,https://www.google.es/intl/es/about/products?tab=lh
Sol Souvenirs,Tienda de regalos,915212213,https://www.google.es/intl/es/about/products?tab=lh
Zakka Tirso de Molina,Tienda de regalos,915934587,https://www.google.es/intl/es/about/products?tab=lh
Popurri Store SL,Tienda de regalos,910741718,http://www.popurri-store.com/
La Casita de los Regalos,Tienda de regalos,910894319,http://lacasitadelosregalos.com/
Real Fábrica,Tienda de regalos,911252021,http://realfabrica.com/
Madrid Souvenirs,Tienda de regalos,915239489,http://www.madridsouvenirs.com/
Cositas Chulas. Tienda Online de Regalos originales,Tienda de regalos,680722838,https://cositaschulas.com/
Kositas d Sister's - Tienda de Ropa y Complementos,Tienda de regalos,674683457,http://www.kositasdhermanas.es/
Gala's Hogar,Tienda de regalos,918828791,https://www.google.es/intl/es/about/products?tab=lh
Vida Alcalá | Souvenirs & Concept store,Tienda de regalos,683423384,https://www.vidaalcala.es/
Regalos Y Complementos,Tienda de regalos,660711820,https://www.google.es/intl/es/about/products?tab=lh
La Casa de Don Quijote (Souvenirs),Tienda de regalos,622111315,https://www.google.es/intl/es/about/products?tab=lh
Silvalia Regalos :Crea y personaliza,Tienda de regalos,624605464,https://silvaliaregalos.com/
Kianda detalles,Tienda de regalos,918896086,https://www.google.es/intl/es/about/products?tab=lh
Dulci Regalos-Globos,Tienda de regalos,641420639,https://www.google.es/intl/es/about/products?tab=lh
Imprimeregalos.com,Tienda de regalos,665047301,https://imprimeregalos.com/
Arya Tara Alcala Henares,Tienda de regalos,918838514,http://www.aryatarashop.com/
Flying Tiger Copenhagen,Tienda de regalos,918812839,https://flyingtiger.com/pages/store-locator?utm_source=Google&utm_medium=Store+Locator+Traffic&utm_campaign=Uberall&utm_id=Uberall#!/l/es/alcala-de-henares/calle-mayor-26/es01038
Happy Cumples Servicios para Eventos,Tienda de regalos,646277139,https://happycumples.com/
La Tienda del Museo Arqueológico Regional - LOS VIAJEROS DEL TIEMPO,Tienda de regalos,918796688,http://www.losviajerosdeltiempo.com/
Regalo Andy,Tienda de regalos,693215863,https://www.google.es/intl/es/about/products?tab=lh
Creative Ploffis World,Tienda de regalos,641445974,https://www.ploffis.com/
"Spelia Regalos, S.L",Tienda de regalos,918808252,https://www.google.es/intl/es/about/products?tab=lh
Regalos Angel,Tienda de regalos,918833963,https://www.google.es/intl/es/about/products?tab=lh
Muy Mucho,Tienda de regalos,918265701,https://muymucho.es/
No Hay Secretos,Tienda de regalos,918812907,https://www.nohaysecretos.com/
La Fermina,Tienda de regalos,911572768,https://www.lafermina.com/
Tienda de moda asimétrica y Complementos - Nunessa- Alcalá de Henares,Tienda de regalos,607782258,http://www.nunessa.com/
"Cositas, Regalos Y Complementos",Tienda de regalos,916978102,http://www.cositasregalosycomplementos.com/
Regalos Glamour,Tienda de regalos,,https://www.google.es/intl/es/about/products?tab=lh
Regalo Fusión SL,Tienda de regalos,686058160,https://www.google.es/intl/es/about/products?tab=lh
La Nave de las Bodas,Tienda de regalos,918082569,http://www.lanavedelasbodas.com/
Cobo Calleja,Tienda de regalos,644340101,https://tiendascobocalleja.es/
Centro Comercial Fuenlabrada 2,Tienda de regalos,916080108,https://fuenlabrada-2.com/
Yohana Complementos,Tienda de regalos,615272007,https://www.google.es/intl/es/about/products?tab=lh
Tiendas Mayoristas Cobo Calleja,Tienda de regalos,644340101,http://www.tiendascobocalleja.es/
Articulos De Regalo,Tienda de regalos,,https://www.google.es/intl/es/about/products?tab=lh
Regalos Teyca,Tienda de regalos,687115565,https://www.google.es/intl/es/about/products?tab=lh
Artesader,Tienda de regalos,916082629,https://www.linkedin.com/in/artesader-artesader-8ab3b21a4/
Lolear,Tienda de regalos,645014721,http://www.lolear.es/
"Yury Personalizados - Camisetas, Sudaderas, Gorras y estampados personalizados en general",Tienda de regalos,607611164,https://yurypersonalizados.es/
El Bosque De Las Ninfas,Tienda de regalos,916908325,http://facebook.com/elbosquedelasninfas
Susy Moda y Regalos,Tienda de regalos,916072264,https://www.google.es/intl/es/about/products?tab=lh
Licoteca Fuenlabrada,Tienda de regalos,915007860,http://www.licotecaonline.com/
Manualidades Patchwork y Warhammer Bellas Artes Marfil,Tienda de regalos,910703370,http://www.bellasartesmarfil.com/
Lutila SL,Tienda de regalos,916420491,https://www.google.es/intl/es/about/products?tab=lh
Feroca Fuenlabrada,Tienda de regalos,916000250,http://www.feroca.com/
Unacestapara,Tienda de regalos,,http://www.unacestapara.es/
"konzept® - Arquitectura, interiorismo y reformas integrales",Decoración,919204004,https://estudiokonzept.com/presupuesto-de-reforma-integral/
Muebles Ahorro Total Delicias,Decoración,681972327,https://www.ahorrototal.com/?utm_source=google&utm_medium=organic&utm_campaign=gmb_delicias
El Moderno Concept Store,Decoración,913483994,http://www.elmoderno.es/
DC Decoración | Tienda de muebles en Madrid,Decoración,915693206,http://www.dcdecoracion.es/?utm_source=gmb&utm_medium=organic&utm_campaign=google-my-business
Decoraciones Mediterráneo,Decoración,915525458,http://www.decoracionesmediterraneo.net/?utm_source=gmb&utm_medium=organic&utm_campaign=google-my-business
Kave Home Madrid Hermosilla,Decoración,910609948,https://kavehome.com/es/es/stores/madrid-hermosilla/?utm_source=google&utm_medium=Organic_local&utm_campaign=madrid_salamanca
Ofelia Home & Decor,Decoración,919908195,http://www.ofeliahomedecor.com/
Muebles Ahorro Total Hortaleza,Decoración,614064357,https://www.ahorrototal.com/?utm_source=google&utm_medium=organic&utm_campaign=gmb_Horta
Fancy decor,Decoración,665729606,https://fancydecor.net/
La maison bleue,Decoración,917153776,http://www.lamaisonbleue.es/
M&R Interiorismo y Decoración - Decoración e Interiorismo en Pozuelo de Alarcón,Decoración,913521266,http://myrinteriorismo.es/
Muebles y Decoración Peyra,Decoración,913520445,https://www.google.es/intl/es/about/products?tab=lh
El Palacio Del Hogar,Decoración,917157275,https://www.google.es/intl/es/about/products?tab=lh
Muebles Ahorro Total,Decoración,690635222,https://www.ahorrototal.com/?utm_source=google&utm_medium=organic&utm_campaign=gmb_parla
Palisandro,Decoración,916379513,https://www.palisandro-interiorismo.es/
Banak,Decoración,916361675,https://www.banak.com/tienda/lasrozas
Casa Nativa,Decoración,916361693,https://casanativa.net/
Kenay Home,Decoración,919903722,https://kenayhome.com/es/?utm_source=mybusiness&utm_medium=maps&utm_campaign=lasrozas
Pinópolis,Decoración,917104586,http://www.pinopolis.es/
Línea Actual,Decoración,699997007,http://lineaactual.es/
Europolis Las Rozas,Decoración,,http://www.sohoeuropolis.com/
Sofás Las Rozas,Decoración,650303030,https://sofa10.com/
BoConcept Las Rozas,Decoración,916374920,https://www.boconcept.com/es-es/stores/find-your-local-store/spain/madrid/boconcept-las-rozas
Oromana Decor Spain SA,Decoración,916372499,https://oromanadecoracion.com/
El Globo Muebles,Decoración,916407101,http://www.elglobomuebles.com/
Európolis Polígono de Las Rozas de Madrid,Decoración,916376160,https://www.google.es/intl/es/about/products?tab=lh
"Multisilla - El especialista en sillas, mesas y taburetes.",Decoración,916372881,https://www.multisilla.com/
Burana,Decoración,917103771,https://burana.es/
Lasan Decoración - Muebles de cocina en las Rozas,Decoración,916374615,https://www.lasandecoracion.es/?utm_source=mybusiness&utm_medium=mybusiness&utm_campaign=rozas
Muebles Galaxia //mueble juvenil Europolis,Decoración,916372694,https://mueblesgalaxiaeuropolis.com/
BABEL JUVENILES,Decoración,916266281,http://babeljuveniles.com/
Luz & Ambiente,Decoración,916374929,https://www.luzambiente.com/
Flovic Majadahonda,Decoración,916343200,http://www.flovic.com/
Sergivan Decoración,Decoración,916384473,https://sergivan.com/home/
Sandra Marques SL,Decoración,916388864,http://tiendasandramarques.es/
Alboroque Decoración,Decoración,916397937,http://www.alboroquedecoracion.com/
Conforama Majadahonda,Decoración,930482824,https://www.conforama.es/?utm_campaign=Google+My+Business&utm_medium=Tienda+Majadahonda&utm_source=Googlemaps
Tejidos y confecciones El Paraíso,Decoración,916341996,https://www.google.es/intl/es/about/products?tab=lh
Entresueños Majadahonda,Decoración,912999038,https://www.google.es/intl/es/about/products?tab=lh
Jaez Decoración,Decoración,916343575,https://www.google.es/intl/es/about/products?tab=lh
Belite,Decoración,620640286,http://www.belite.es/
SCHMIDT Majadahonda - Madrid,Decoración,917520046,https://www.home-design.schmidt/es-es/pedir-cita?storeId=0003002173
Fronda Majadahonda,Decoración,916383226,https://www.fronda.com/tiendas/madrid-majadahonda?utm_medium=organic&utm_source=gmb&utm_campaign=MAJ&utm_content=Madrid
DAVANNI Estudio de cocina e interiorismo.,Decoración,916395262,https://davanni.es/
Caoba Majadahonda,Decoración,916345948,http://www.caobamajadahonda.com/
Chus Cano Decoración,Decoración,661241215,http://chuscano.com/
La costurera majadahonda,Decoración,672970171,https://www.google.es/intl/es/about/products?tab=lh
KA Majadahonda. KA International. Ka Internacional,Decoración,910648040,http://www.ka-majadahonda.es/
"GULES Bellas Artes, Enmarcación y Manualidades Majadahonda",Decoración,916383418,https://www.google.es/intl/es/about/products?tab=lh
Leroy Merlin Majadahonda,Decoración,917848800,https://www.leroymerlin.es/tiendas/majadahonda.html?utm_source=gmb&utm_medium=site_organic&utm_campaign=seo_local&utm_content=majadahonda
Rekok Studio,Decoración,918289021,https://rekok.es/
Hiper Euro,Decoración,,https://www.google.es/intl/es/about/products?tab=lh
