Nombre,Categoría,Teléfono,Web,Dirección
Floristería Menta y Canela,Floristería,915150413,https://www.floresmenta.com/,
RegaloOriginal.com,Floristería,919496076,,
Floristería en Madrid Margarita se llama mi Amor,Floristería,913100926,https://www.margaritasellamamiamor.com/,
Floristería la flor de la canela. Flores a domicilio Madrid.,Floristería,915534780,http://www.florescanela.com/,
Floristería Blooms,Floristería,919472389,https://floristeriablooms.com/,
Arteflor Madrid Floristería,Floristería,654068938,https://www.arteflormadrid.com/,
Floristería Jardín,Floristería,639688470,https://jardin2000.es/,
Floristería Qantu,Floristería,915305122,https://qantu.es/,
La Real Flores y Jardines,Floristería,915471577,,
Adhoc Flores Floristería Madrid,Floristería,609008091,https://www.adhocflores.com/?utm_source=gbp&utm_medium=view_website_button&utm_campaign=google-business-profile,
Flores de Cavia,Floristería,660542873,https://floresdecaviamadrid.es/,
El florista,Floristería,607712047,http://elfloristafloristeria.com/,
Floristería Lilium Madrid,Floristería,915534500,https://www.liliummadrid.es/,
KS floristería,Floristería,602607812,,
Lorena Marco,Floristería,647354505,http://www.lorenamarco.com/,
Floristería MiPiti,Floristería,915717854,https://floristeriamipiti.com/,
Floristería El Edén,Floristería,913310904,,
Floristeria Muguet,Floristería,607301668,https://www.instagram.com/floristeriamuguetmadrid/,
Punto Flores,Floristería,619979925,http://www.puntoflores.com/,
Las flores del Jardín,Floristería,913112442,https://instagram.com/lasfloresdeljardin_?utm_source=ig_profile_share&igshid=mje26ke2rwtu,
Floristería Amparo Ciudad De Los Angeles,Floristería,627568801,https://vm.tiktok.com/ZMLFMErv4/,
Floristería Contreras,Floristería,914773522,http://www.floristeriacontreras.com/,
Golden Roses,Floristería,651108743,https://goldenrosesfloristeria.es/,
Flores Mariví,Floristería,914338506,https://www.floristeriamarivi.com/,
Les Bouquets Fleuristerie.,Floristería,914016728,https://www.lesbouquetsfleuristerie.com/,
Mercado de Flores Tirso de Molina,Floristería,622655267,https://mercadodeflores.es/,
Floristería Amarylis,Floristería,616159831,http://www.floristeriaamaryllis.com/,
Floristería L´amore,Floristería,911573555,https://floristerialamore.blogspot.com/,
Shangai vivero,Floristería,913838550,https://viverosshangai.es/,
Floristería Pétalos,Floristería,918826837,https://floristeriapetalosalcala.com/,
Floristeria Noe,Floristería,912851415,https://floristerianoe.com/,
Flores Alcalá,Floristería,918891467,https://floresalcala.es/,
Floristería Jardín,Floristería,918826452,,
Floristería los santos niños,Floristería,918789817,https://www.floristeriasantosalcala.com/,
Hortensia Arte Floral | Floristería,Floristería,912618819,http://www.hortensiartefloral.com/,
Floristería De Tomás,Floristería,918886651,http://www.floristeriadetomas.es/,
Floristería Bouquet,Floristería,697655486,http://www.floristeriabouquet.es/,
Flores El Jardín del Duende,Floristería,722657065,https://floreseljardindelduende.com/,
Área Verde,Floristería,691304632,,
Floristería Carlos,Floristería,918811992,https://www.floristeriacarlos.com/,
Flor de Romero,Floristería,912857267,http://www.miflor.es/,
Monceau Fleurs,Floristería,918023720,https://monceau-fleurs.es/preguntas-frecuentes,
Mon Parnasse Flores,Floristería,918023720,http://www.monparnasse.es/,
Floristería Ele,Floristería,,http://www.floristeriaele.es/,
Di Manstretta - Taller Floral | Floristería,Floristería,919474647,,
Iris,Floristería,918833346,https://www.floristeria-iris.es/,
MirFlores Atelier,Floristería,722421637,https://www.mirflores.com/,
FlorAlcalá,Floristería,692037571,,
Floristería 5 Rosas,Floristería,624125823,,
Floristeria Muscari,Floristería,918827678,,
Decano Floristas,Floristería,916905628,http://decanofloristas.com/,
Floristería Florviva,Floristería,916153427,https://floristeriaflorviva.com/,
Floristerías El Vivero,Floristería,916974242,http://www.floristeriaselvivero.es/,
La Floristería de Fuenlabrada by Rosify Box,Floristería,611643400,https://rosifybox.com/,
Floristeria Rayma,Floristería,916097085,http://www.floristeriarayma.com/,
Floristería de Paula,Floristería,916159529,http://flores-plantas.com/empresas-flores-viveros-jardines-madrid/floristeria-de-paula/gmx-niv142-con4674.htm,
LA CASA DEL CAMPO,Floristería,916060412,,
Floristería Flores,Floristería,612441708,,
Shuang Zhi,Floristería,916423480,http://shuang-zhi.com/,
Tu Floristería en Casa,Floristería,657054121,http://www.tufloristeriaencasa.com/,
Domoflor,Floristería,689714240,,
"Floristería, Regalos y Decoración - Jardín de Flor",Floristería,916049247,http://floristeriahumanesjardin.blogspot.com/,
Versaiye,Floristería,665192192,https://versaiye.microstore.app/#/shopMain,
Verdecasa 2023,Floristería,626511292,https://verdecasa2023.es/,
Flortienda,Floristería,910466125,,
Emérita Sevilla Casco,Floristería,916060412,,
Floristería Mari Juli,Floristería,912273220,http://www.floristeriamarijuli.com/,
ILUNION Tu Tienda - Hospital de Fuenlabrada,Floristería,677773091,https://www.ilunionretail.com/,
Floristería Nevado,Floristería,910239683,https://www.floristerianevado.com/,
FLORISTERIA ALVER,Floristería,,,
Mariflauers,Floristería,911261593,https://www.mariflauers.com/,
Flores Gares,Floristería,916752977,,
Floristería El Trébol,Floristería,916563877,,
Floristería Artifresia Floristas,Floristería,916775607,http://www.artifresiafloristas.es/,
Rafael Gares Floristas,Floristería,686242257,http://www.garesfloristas.com/,
El Jardín D Antonia,Floristería,643948769,,
Floristería Colores,Floristería,916757854,,
El Milagro De Una Flor,Floristería,628746465,http://elmilagrodeunaflor.es/,
Floristeria Galan,Floristería,642614394,,
Floristeria Elena,Floristería,642959262,https://floristeriaelena.es/,
Floristeria Alyflor,Floristería,910709124,https://www.alyflor.com/,
Flores Isabella,Floristería,916775782,https://www.floresisabella.com/,
Iglesias Floristería & Eventos,Floristería,916781816,https://www.iglesiasfloristeria.es/,
LINNEA VEGETAL,Floristería,686242257,,
Verdnatura Levante SL,Floristería,916778777,http://verdnatura.es/,
Se venden gordas,Floristería,,,
Caprichos by Andrea,Floristería,691597664,http://www.caprichosbyandrea.com/,
ILUNION Tu Tienda - Hospital de Torrejón,Floristería,717161428,https://www.ilunionretail.com/,
Gestoría Administrativa Torrejon Sangar,Floristería,916565005,http://www.gestiomovil.com/,
Enviocoronas,Floristería,900533659,https://enviocoronas.com/?dlg=bYW7W1,
Floristería Las Dalias,Floristería,696494791,https://floristerialasrozas.com/,
A Flor de Piel,Floristería,615004289,http://www.floristeriaenlasrozas.es/,
VerdePimienta,Floristería,916371515,https://www.verdepimienta.es/,
LA GARDENIA 2.0,Floristería,910429329,,
Floristería Iris,Floristería,614878448,https://www.instagram.com/irisflorynata?igsh=MWo5ZnA1aTB5NW8wZA==,
Floristería Ramo Silvestre,Floristería,638680539,https://www.ramosilvestre.com/,
PATIO HOLANDÉS Floristeria- Decoración,Floristería,673678607,https://www.ninomiyaeventos.com/,
Espacio Floral garden,Floristería,646125079,,
FLORISTERÍA BUENOS AIRES.,Floristería,663905205,,
Brunnera Boutique,Floristería,696725679,https://brunnera.es/,
Floristería en Majadahonda El Cortijo,Floristería,618072288,https://floristeriaelcortijo.com/,
Regalos Personalizados En Vez de Flores,Floristería,915984909,http://www.envezdeflores.com/,
Pistacia ❀ Floristería en Majadahonda,Floristería,681309625,https://pistacia.es/?utm_source=My_business&utm_medium=Ficha&utm_id=Google,
Floristería ENEBRO,Floristería,916395750,,
Provocateur Roses Majadahonda,Floristería,622704114,https://provocateurroses.com/,
La Gardenia Flores Y Plantas Sl.,Floristería,,,
Mon Parnasse Flores - C.C. Oeste Majadahonda,Floristería,917553686,https://monparnasse.es/,
Floristería Ariadna,Floristería,634025433,,
Acebal,Floristería,608696121,,
Verdecora Majadahonda,Floristería,916394012,https://verdecora.es/tiendas/2-majadahonda-madrid,
Jardinería Fonseca S.A.,Floristería,916373359,https://jardineriafonseca.es/,
Que Alegria Que Buen Dia,Floristería,696511177,http://www.quealegriaquebuendia.com/,
Party Land Las Rozas,Floristería,916266360,http://www.partyland.es/,
Viveros Alajarin,Floristería,916370172,,
ESPIRITU PILATES,Floristería,669662144,http://www.espiritupilates.es/,
El Callejón del Barro | Taller de cerámica,Floristería,643729650,https://elcallejondelbarro.es/,
Pajarraca Madrid,Floristería,686853829,https://www.pajarracamadrid.com/,
Aromas,Floristería,916388157,,
Best Garden Césped Artificial,Floristería,613056096,http://www.bgardenmadrid.es/,
Las Rozas Village,Floristería,916404900,https://www.thebicestercollection.com/las-rozas-village/es/visita?utm_source=GMB&utm_medium=organic&utm_campaign=GMBclick,
Joyería Eyma S L,Floristería,916361101,http://www.eyma.es/,
Floristería Edén,Floristería,916148237,https://floristeriamostoleseden.es/,
Floristería El Mensaje de las Flores,Floristería,910466436,http://www.elmensajedelasflores.com/,
Floristería Las Flores de Carlos,Floristería,912099985,https://lasfloresdecarlos.es/,
Floristería Montse,Floristería,916137113,http://floristeriamontse.es/,
Floristería jardín de Alicia,Floristería,722229850,http://www.floristeriamostoles.com/,
Flores a domicilio Madrid,Floristería,625363825,https://www.floresadomiciliomadrid.com/,
MARANTA Floristas,Floristería,916458615,https://www.marantafloristas.es/,
Floristeria Mamen,Floristería,912362953,http://www.floristeriamamen.es/,
Floristería Merchi Bonsái Shiawase,Floristería,916137709,,
Taller de Flores Primavera,Floristería,916142748,,
"Floristería FLOWERING enviar flores a domicilio a Móstoles, Madrid",Floristería,919483219,https://www.flowering.es/,
Selecciones Latorre,Floristería,916133916,http://www.seleccioneslatorrefloristeria.es/,
DiDa Eternity,Floristería,625962990,https://www.didaeternity.store/,
Las Camelias Arte Floral,Floristería,914860450,https://www.lascameliasartefloral.com/,
"C. Huesca, 17, FLORISTERÍA",Floristería,,,
Floristería Las Tres Rosas,Floristería,916433799,http://www.lastresrosas.com/,
El Jardín de Cris,Floristería,669725526,,
Detalles y Caprichos,Floristería,624409088,http://detallesycapricho.com/?utm_source=gmb&utm_medium=referral,
Malpica Floristas,Floristería,916657057,https://malpicafloristeria.com/,
Beaucarnea Floristeria,Floristería,916890101,http://www.floristeriabeaucarnea.com/,
Floristería Isabel,Floristería,916442627,https://www.isabelfloristasalcorcon.com/,
LA TIA MARIA CBD SHOP MOSTOLES,Floristería,611994315,http://latiamaria.es/,
Arte Oslo Decoración y Regalos,Floristería,916141890,,
Floristería Ada,Floristería,605930117,https://instagram.com/_adaflores.com_?igshid=ZDdkNTZiNTM=,
Jardín de Los Planetas,Floristería,,,
Greenery 420 Tienda CBD Móstoles CBD Shop,Floristería,624194119,http://www.greenery420cbd.com/,
UNIVERSO HOME MOSTOLES,Floristería,614014651,,
Mascotas Borneo,Floristería,914969566,https://wa.link/5yirx6,
Malpica Vivero - Galcor Decoración y Paisajes,Floristería,916162205,https://www.malpicavivero.com/,
Churreria Aviles,Floristería,636734795,https://www.lomejordelbarrio.com/mostoles/comercios/churreria_aviles/cafeterias_en_mostoles,
La Milagrosa - Centro de Formación Profesional,Floristería,916474451,http://www.lamilagrosaformacion.es/,
Floristería Eterna Primavera,Floristería,916956271,https://eternaprimaveratichigifts.com/,
Floristería Panés,Floristería,916815057,,
Tu Floristería en Casa,Floristería,657054121,http://www.tufloristeriaencasa.com/,
MARSILEA FLORISTAS,Floristería,912998101,,
Floristeria Capricho,Floristería,916839668,,
PACHAMOR FLORISTERIA,Floristería,624046380,,
Floristeria La Buganvilla de Lupi,Floristería,910827251,,
QUILES Floristería,Floristería,913112444,https://www.grupoquiles.es/,
Flor tienda,Floristería,910338777,,
Pepe Camacho Floristeria | Taller y Proyectos Florales,Floristería,606645349,https://linktr.ee/pepecamacho,
Floréate VENTA ONLINE,Floristería,633757667,,
El Jardin De La Alegria Alimentacion Y Bazar,Floristería,,,
DreamLamb Floristas,Floristería,697732013,http://dreamlambfloristas.es/,
Variantes Flores Sánchez,Floristería,,,
Tienda de flores,Floristería,911300000,,
Galva Floristas,Floristería,916863196,http://www.galvafloristas.com/,
Floristería La Irónica,Floristería,644989444,https://floristerialaironica.com/,
Manualidades y Regalos LINA MAR,Floristería,916822224,http://www.regaloslinamar.es/,
El Corte Inglés Pozuelo,Tienda de regalos,917089200,https://www.elcorteingles.es/centroscomerciales/es/eci/centros/centro-comercial-pozuelo,
Curiosite Regalos Originales,Tienda de regalos,911413305,https://www.curiosite.es/,
Tienda de Regalos Daelva,Tienda de regalos,633857813,https://tiendaregalos.eu/,
Gracias Mamá - Tienda de Regalos Originales,Tienda de regalos,913665274,,
La Tienda de los Deseos,Tienda de regalos,607220497,http://www.latiendadelosdeseos.com/,
Gift Center Tienda de regalos,Tienda de regalos,,https://www.giftcenter.es/,
Detalles para ti Madrid,Tienda de regalos,643556891,https://detallesparatimadrid.com/,
Madrid al Cubo,Tienda de regalos,627452053,,
Curiosity shop,Tienda de regalos,913658422,http://www.curiosityshop.es/,
La Integral,Tienda de regalos,914296918,http://www.laintegral25.com/,
Mundo de Caprichos,Tienda de regalos,917273309,,
Lola shop,Tienda de regalos,,,
Zakka,Tienda de regalos,911392364,,
Regalos Cuchi Cuchi,Tienda de regalos,,,
Sol Souvenirs,Tienda de regalos,915212213,,
Zakka Tirso de Molina,Tienda de regalos,915934587,,
La Casita de los Regalos,Tienda de regalos,910894319,http://lacasitadelosregalos.com/,
Popurri Store SL,Tienda de regalos,910741718,http://www.popurri-store.com/,
Real Fábrica,Tienda de regalos,911252021,http://realfabrica.com/,
Madrid Souvenirs,Tienda de regalos,915239489,http://www.madridsouvenirs.com/,
Las Rozas Village,Tienda de regalos,916404900,https://www.thebicestercollection.com/las-rozas-village/es/visita?utm_source=GMB&utm_medium=organic&utm_campaign=GMBclick,
Regalador,Tienda de regalos,915768196,https://regalador.com/,
EL ESPACIO STORE,Tienda de regalos,650632384,https://elespaciostore.com/?fbclid=PAZXh0bgNhZW0CMTEAAabOnjEjQIisS9wvhsSzGguYa3lmM_Ck-9nc-MHXZ_g852JZBZ09tbu9LC8_aem_dvnUdBme7OxQiyucqrUEUg,
Kositas d Sister's - Tienda de Ropa y Complementos,Tienda de regalos,674683457,http://www.kositasdhermanas.es/,
Gritos de Madrid,Tienda de regalos,913659154,http://www.gritosdemadrid.com/,
Bronze & Mora,Tienda de regalos,915214884,https://www.bronzeymora.com/,
Caprichos - Decoración y Regalos,Tienda de regalos,913038735,https://www.caprichosdecoracionyregalos.com/,
LUCIERNAGA / concept boutique / decoration & gifts / Madrid,Tienda de regalos,657998454,https://www.luciernagaboutique.es/,
Dobra Souvenirs,Tienda de regalos,915312443,,
Regalos Gema,Tienda de regalos,914372281,http://www.regalosgema.com/,
Chamaco y tú,Tienda de regalos,914696573,,
Rituals,Tienda de regalos,914321383,https://www.rituals.com/?utm_source=organic&utm_medium=gmb,
Gala's Hogar,Tienda de regalos,918828791,,
Vida Alcalá | Souvenirs & Concept store,Tienda de regalos,683423384,https://www.vidaalcala.es/,
La Casa de Don Quijote (Souvenirs),Tienda de regalos,622111315,,
Regalos Y Complementos,Tienda de regalos,660711820,,
Kianda detalles,Tienda de regalos,918896086,,
Silvalia Regalos :Crea y personaliza,Tienda de regalos,624605464,https://silvaliaregalos.com/,
Dulci Regalos-Globos,Tienda de regalos,641420639,,
Imprimeregalos.com,Tienda de regalos,665047301,https://imprimeregalos.com/,
Arya Tara Alcala Henares,Tienda de regalos,918838514,http://www.aryatarashop.com/,
Flying Tiger Copenhagen,Tienda de regalos,918812839,https://flyingtiger.com/pages/store-locator?utm_source=Google&utm_medium=Store+Locator+Traffic&utm_campaign=Uberall&utm_id=Uberall#!/l/es/alcala-de-henares/calle-mayor-26/es01038,
La Tienda del Museo Arqueológico Regional - LOS VIAJEROS DEL TIEMPO,Tienda de regalos,918796688,http://www.losviajerosdeltiempo.com/,
Happy Cumples Servicios para Eventos,Tienda de regalos,646277139,https://happycumples.com/,
Regalo Andy,Tienda de regalos,693215863,,
Creative Ploffis World,Tienda de regalos,641445974,https://www.ploffis.com/,
Regalos Angel,Tienda de regalos,918833963,,
"Spelia Regalos, S.L",Tienda de regalos,918808252,,
Muy Mucho,Tienda de regalos,918265701,https://muymucho.es/,
No Hay Secretos,Tienda de regalos,918812907,https://www.nohaysecretos.com/,
La Fermina,Tienda de regalos,911572768,https://www.lafermina.com/,
Tienda de moda asimétrica y Complementos - Nunessa- Alcalá de Henares,Tienda de regalos,607782258,http://www.nunessa.com/,
Estilo Pontejos S.L.,Tienda de regalos,918820811,https://www.merceriaconestilo.com/,
Centro Comercial Alcalá Magna,Tienda de regalos,918305151,http://www.alcalamagna.es/,
Tienda de la UAH,Tienda de regalos,918854115,http://uah.es/,
Impresiones Velayos,Tienda de regalos,918830619,,
La Menina Tejedora,Tienda de regalos,919477079,http://www.lameninatejedora.es/,
El Corte Inglés Alcalá de Henares,Tienda de regalos,918872800,https://www.elcorteingles.es/centroscomerciales/es/eci/centros/centro-comercial-alcala-de-henares,
Tiendas MGI Alcalá de Henares,Tienda de regalos,913401501,https://www.tiendasmgi.es/,
Teospiel,Tienda de regalos,918788949,http://www.teospiel.com/,
TintaLab Alcalá,Tienda de regalos,611860073,https://www.instagram.com/tintalabalcala/,
Papeleria AlcaláDino,Tienda de regalos,638181487,http://www.alcaladino.com/,
Lurien,Tienda de regalos,,,
Rituals,Tienda de regalos,919016202,https://www.rituals.com/?utm_source=organic&utm_medium=gmb,
Bizcocho de Yogur,Tienda de regalos,912878866,http://www.bizcochodeyogurshop.com/,
"Cositas, Regalos Y Complementos",Tienda de regalos,916978102,http://www.cositasregalosycomplementos.com/,
Regalos Glamour,Tienda de regalos,,,
Regalos Teyca,Tienda de regalos,687115565,,
Dison Licencias,Tienda de regalos,914557432,https://www.disonlicencias.com/,
La Nave de las Bodas,Tienda de regalos,918082569,http://www.lanavedelasbodas.com/,
Regalo Fusión SL,Tienda de regalos,686058160,,
El Bosque De Las Ninfas,Tienda de regalos,916908325,http://facebook.com/elbosquedelasninfas,
Cobo Calleja,Tienda de regalos,644340101,https://tiendascobocalleja.es/,
Centro Comercial Fuenlabrada 2,Tienda de regalos,916080108,https://fuenlabrada-2.com/,
Yohana Complementos,Tienda de regalos,615272007,,
Kilumio,Tienda de regalos,916420399,http://www.kilumio.com/,
Tiendas Mayoristas Cobo Calleja,Tienda de regalos,644340101,http://www.tiendascobocalleja.es/,
Articulos De Regalo,Tienda de regalos,,,
Lolear,Tienda de regalos,645014721,http://www.lolear.es/,
Anfora,Tienda de regalos,916923026,http://www.anforaregalos.es/,
Susy Moda y Regalos,Tienda de regalos,916072264,,
Licoteca Fuenlabrada,Tienda de regalos,915007860,http://www.licotecaonline.com/,
Manualidades Patchwork y Warhammer Bellas Artes Marfil,Tienda de regalos,910703370,http://www.bellasartesmarfil.com/,
Lutila SL,Tienda de regalos,916420491,,
Feroca Fuenlabrada,Tienda de regalos,916000250,http://www.feroca.com/,
Huellas&Co | Tienda de regalos personalizados,Tienda de regalos,677175945,https://www.huellasandco.com/,
Mas que recuerdos,Tienda de regalos,639856135,,
Mega Deportes Fuenlabrada,Tienda de regalos,916098801,https://megadeportes.es/,
MIL COLORES,Tienda de regalos,916970078,,
China Center,Tienda de regalos,916214608,http://www.tiendaschinacenter.es/,
Romyarte,Tienda de regalos,916099331,,
Manualidades Bellas Artes Tauro,Tienda de regalos,,https://www.manualidadestauro.com/,
New Xinder Style,Tienda de regalos,916421122,,
Mercería Lazos Loranca,Tienda de regalos,910938847,https://merceria-lazos-2.myshopify.com/password,
Almacenes Pemar,Tienda de regalos,916971891,http://almacenespemar.com/?utm_source=gmb&utm_medium=referral,
Tienda de Ilusiones Regalos Originales,Tienda de regalos,912004899,https://tiendadeilusiones.com/,
Más Que Monadas,Tienda de regalos,678250083,http://www.masquemonadas.com/,
Los Regalos Del Caldero,Tienda de regalos,912316127,https://www.losregalosdelcaldero.com/,
Regalos Para ti shop Torrejón de Ardoz,Tienda de regalos,651116200,https://regalosparatishop.com/,
Detalles y Más / Regalos boda y Comunión,Tienda de regalos,690626724,https://detallesymas.es/,
MINISO,Tienda de regalos,647794786,http://www.miniso.es/,
Regalos Torrejón,Tienda de regalos,622699886,,
AIRETIERRAMAR,Tienda de regalos,,,
Dos Caracolas,Tienda de regalos,614161847,http://doscaracolas.com/,
NATURA,Tienda de regalos,910133778,https://naturaselection.com/,
Castillejo Regalos,Tienda de regalos,,,
El Sendero Mágico,Tienda de regalos,911517368,https://www.elsenderomagico.com/,
ZZ Soluciones de Impresión,Tienda de regalos,639558582,https://www.zzsolucionesdeimpresion.com/,
C De Copas,Tienda de regalos,633323328,http://cdecopas.sumupstore.com/,
las Joyas de Irene,Tienda de regalos,699359282,https://www.lasjoyasdeirene.com/,
Garabatos,Tienda de regalos,696913100,https://sedinfo.es/garabatos/gmx-niv117-con11170000036483.htm,
Obsequio e Imagen S.L.,Tienda de regalos,913677632,http://obsequioeimagen.com/,
Manualidades y retales (Tienda on line),Tienda de regalos,614243188,https://www.manualidadesyretales.com/,
Bureau Vallée Torrejón,Tienda de regalos,916753078,https://www.bureau-vallee.es/es_ES/,
Pontejos 2000,Tienda de regalos,916569279,http://www.pontejos2000.com/,
Centrakor Torrejón de Ardoz,Tienda de regalos,919036590,https://www.centrakor.es/es/centrakor-torrejon-de-ardoz,
Hola Móvil Reparaciónes Móviles en Torrejón De Ardoz.,Tienda de regalos,643007300,https://holamovilonline.com/,
Porque m'importas,Tienda de regalos,916775607,https://porquemimportas.sedinfo.es/,
Lolitas&L Outlet - Torrejon de Ardoz,Tienda de regalos,666100539,https://lolitasoutlet.com/,
Action Torrejón de Ardoz,Tienda de regalos,937817620,https://www.action.com/es-es/tiendas/?utm_campaign=localbusiness&utm_source=google&utm_medium=organic&utm_content=6208,
Kika Bretón,Tienda de regalos,916742891,http://www.instagram.com/kikabreton,
Maxcopias Reprografía,Tienda de regalos,916563555,http://www.maxcopias.es/,
Incoprint Rotulación Digital S.L,Tienda de regalos,,http://www.incoprint.es/,
Eurotorrejón SL,Tienda de regalos,916774967,,
Juguettos Torrejón de Ardoz,Tienda de regalos,916762050,https://juguettos.com/tiendas/juguettos-torrejondeardoz,
Amie Moda,Tienda de regalos,608635570,,
Muebles Ahorro Total,Decoración,690635222,https://www.ahorrototal.com/?utm_source=google&utm_medium=organic&utm_campaign=gmb_parla,
"konzept® - Arquitectura, interiorismo y reformas integrales",Decoración,919204004,https://estudiokonzept.com/presupuesto-de-reforma-integral/,
Ofelia Home & Decor,Decoración,919908195,http://www.ofeliahomedecor.com/,
El Moderno Concept Store,Decoración,913483994,http://www.elmoderno.es/,
DC Decoración | Tienda de muebles en Madrid,Decoración,915693206,http://www.dcdecoracion.es/?utm_source=gmb&utm_medium=organic&utm_campaign=google-my-business,
Decoraciones Mediterráneo,Decoración,915525458,http://www.decoracionesmediterraneo.net/?utm_source=gmb&utm_medium=organic&utm_campaign=google-my-business,
Kave Home Madrid Hermosilla,Decoración,910609948,https://kavehome.com/es/es/stores/madrid-hermosilla/?utm_source=google&utm_medium=Organic_local&utm_campaign=madrid_salamanca,
Kamir Decoración y Regalos,Decoración,914481940,https://www.kamir.es/,
Becara,Decoración,917811162,https://www.becara.com/,
Eturel Madrid,Decoración,912404912,https://eturel.com/,
Monkey Home,Decoración,660594441,http://www.monkeyhome.es/,
Decolab,Decoración,919207194,http://www.decolab.es/,
Rue Vintage 74,Decoración,678368020,http://www.ruevintage74.com/,
Muy Mucho,Decoración,911443298,http://www.muymucho.es/,
Casa Josephine,Decoración,910337084,http://casajosephine.com/,
L.A.STUDIO INTERIORISMO,Decoración,913657566,https://lastudio.es/,
Mestizo Gallery,Decoración,917958899,http://www.mestizo.es/,
Guáimaro,Decoración,914320989,https://instagram.com/guaimaromadrid,
Maisons du Monde,Decoración,919600435,https://store.maisonsdumonde.com/es/es/comunidad-de-madrid/madrid/madrid/maisons-du-monde-madrid-263,
"DOOC Atocha - Diseño, Objetos y Otras Cosas",Decoración,910097147,https://www.dooc.eu/,
Zakka,Decoración,915320546,https://www.instagram.com/kawaiizakka/?hl=es,
Tienda de muebles en Madrid | Mobel K6,Decoración,914508892,https://mueblesmobelk6.es/,
Muebles Ahorro Total Villalba,Decoración,699790081,https://www.ahorrototal.com/?utm_source=google&utm_medium=organic&utm_campaign=gmb_villalba,
Muebles Adama,Decoración,915252941,https://www.mueblesadama.com/,
Angel Studio,Decoración,916143271,http://www.angelstudio.es/,
Vintage 4P,Decoración,610970049,https://vintage4p.com/,
ILLANA DECORACION,Decoración,914787636,http://www.illanadecoracion.es/,
Marlo decoracion,Decoración,917173078,https://www.marlodecoracion.es/,
Banak,Decoración,915769260,https://www.banak.com/tienda/hermosilla,
ALDABA - Soluciones Decorativas,Decoración,913101045,https://aldabashop.wixsite.com/home,
Chic & Soul,Decoración,915913209,http://chicandsoul.com/,
Muy Mucho calle Alcalá,Decoración,911760922,http://www.muymucho.es/,
El Paraíso Del Mueble,Decoración,915253373,http://www.paraisodelmueble.com/,
MANDALAY Interiorismo,Decoración,654798416,http://www.mandalayinteriorismo.com/,
Casa González & González,Decoración,636477610,https://www.gonzalez-gonzalez.es/,
Kave Home Madrid Hermosilla,Decoración,910609948,https://kavehome.com/es/es/stores/madrid-hermosilla/?utm_source=google&utm_medium=Organic_local&utm_campaign=madrid_salamanca,
Fancy decor,Decoración,665729606,https://fancydecor.net/,
La maison bleue,Decoración,917153776,http://www.lamaisonbleue.es/,
M&R Interiorismo y Decoración - Decoración e Interiorismo en Pozuelo de Alarcón,Decoración,913521266,http://myrinteriorismo.es/,
Biombo S.L.,Decoración,913521901,http://www.biombodecoracion.com/,
El Palacio Del Hogar,Decoración,917157275,,
Muebles y Decoración Peyra,Decoración,913520445,,
BoConcept ECI Pozuelo,Decoración,913077243,http://boconcept.es/,
Nathurai Cotton,Decoración,913511242,http://www.nathuraicotton.com/,
Partyland Pozuelo,Decoración,917159684,https://partyland.es/,
Arte&Maña,Decoración,670409153,,
El Almacén de la Casa,Decoración,913529841,http://www.elalmacendelacasa.com/,
Bricolaje Pozuelo,Decoración,913522516,,
Deco & Living Estudio de interiorismo y decoración,Decoración,684373586,https://www.decoandliving.com/,
"Luanda: Interiorismo, Decoración y Reformas Singulares l LaFinca Grand Café",Decoración,689318047,https://luanda.es/,
Muebles Pozuelo,Decoración,678440094,,
Iz Decoración,Decoración,670391423,http://izdecoracion.com/,
RAIZ - Mueble auxiliar y Regalo - Tienda decoración - Zoco de Pozuelo,Decoración,913515878,,
Telamarinera Pozuelo,Decoración,917156669,,
Per sé Küchen Pozuelo,Decoración,911738786,http://www.persekuchen.com/,
Interiorismo y decoracion - Pozuelo,Decoración,917370126,,
Margari Interiorismo,Decoración,913522657,http://margariinteriorismo.com/,
Zelari De Nuzzi,Decoración,917141325,http://www.zelari.es/,
Cristalería Pozuelo,Decoración,917157226,http://www.cristaleriapozuelo.com/,
El Arte-sano,Decoración,640704168,https://instagram.com/el_artesano_pozuelo?igshid=YmMyMTA2M2Y=,
La Casita De MARGAUX.,Decoración,,http://lacasitademargaux.com/,
Ydeas Monas - Decoraciones de Eventos con Globos y Artículos Personalizados,Decoración,625020845,https://www.ydeasmonas.com/,
Toldoteca - Fábrica de Toldos en Pozuelo,Decoración,917156726,https://www.toldoteca.com/,
Tapicerías Ibiza SL,Decoración,913521065,https://tuguiaonline.es/es/negocio/9356/tapicerias/pozuelo-de-alarcon/tapicerias-ibiza/,
MEALSA Pozuelo - Materiales Eléctricos Alcorcón,Decoración,913523516,,
BABIA LIBROS Y ARTE,Decoración,653667957,,
"La Aguja de Oro ,arreglos Y Confección Pozuelo De Alarcon",Decoración,692032419,https://www.facebook.com/laagujadeoropozuelo/,
Kvik Las Rozas,Decoración,911744669,https://www.kvik.es/busca-una-tienda/kvik-las-rozas?utm_source=google&utm_medium=organic&utm_campaign=website&utm_content=las-rozas,
Stylohome,Decoración,639173419,https://www.stylohome.com/,
ROMA HOME,Decoración,669076191,https://romahome.es/,
Palisandro,Decoración,916379513,https://www.palisandro-interiorismo.es/,
Casa Nativa,Decoración,916361693,https://casanativa.net/,
Banak,Decoración,916361675,https://www.banak.com/tienda/lasrozas,
Kenay Home,Decoración,919903722,,
Línea Actual,Decoración,699997007,http://lineaactual.es/,
Pinópolis,Decoración,917104586,http://www.pinopolis.es/,
Europolis Las Rozas,Decoración,,http://www.sohoeuropolis.com/,
BoConcept Las Rozas,Decoración,916374920,https://www.boconcept.com/es-es/stores/find-your-local-store/spain/madrid/boconcept-las-rozas,
Sofás Las Rozas,Decoración,650303030,https://sofa10.com/,
Európolis Polígono de Las Rozas de Madrid,Decoración,916376160,,
Oromana Decor Spain SA,Decoración,916372499,https://oromanadecoracion.com/,
El Globo Muebles,Decoración,916407101,http://www.elglobomuebles.com/,
Lasan Decoración - Muebles de cocina en las Rozas,Decoración,916374615,https://www.lasandecoracion.es/?utm_source=mybusiness&utm_medium=mybusiness&utm_campaign=rozas,
Burana,Decoración,917103771,https://burana.es/,
Muebles Galaxia //mueble juvenil Europolis,Decoración,916372694,https://mueblesgalaxiaeuropolis.com/,
BABEL JUVENILES,Decoración,916266281,http://babeljuveniles.com/,
"Multisilla - El especialista en sillas, mesas y taburetes.",Decoración,916372881,https://www.multisilla.com/,
Luz & Ambiente,Decoración,916374929,https://www.luzambiente.com/,
Noddum - Las Rozas,Decoración,910415423,http://www.noddum.com/,
Garabatos mueble infantil y juvenil,Decoración,916379562,http://www.garabatosmobiliario.es/,
Hiper Asia Las Rozas,Decoración,654689353,,
La Fábrica de Sueños,Decoración,914938053,https://www.lafabricadesuenos.net/,
Abatibles.es,Decoración,686933578,https://www.abatibles.es/,
Mersema Mercado de segunda mano,Decoración,917104436,https://mersema.es/,
Mikama Hogar,Decoración,670971165,http://www.mikama.es/,
Moradillo Store Europolis | Tienda de sofás en Las Rozas,Decoración,916371139,https://moradillo.com/tiendas-de-sofas/las-rozas/?utm_source=google&utm_medium=mybusiness&utm_content=las-rozas,
Èggo Cocinas e Interior Las Rozas,Decoración,914437019,https://eggo.es/,
