Nombre,Categoría,Ciudad,Dirección,Email,Teléfono,Web
T&T Reparaciones,Tienda de regalos,Madrid,Calle de Fenelón 18,teodoro@ttreparaciones.com,+34 91 7434472,https://ttreparaciones.es/es/
Visor Libros SL,Librería,Madrid,Calle de Isaac Peral 18,librero@visor-libros.com,,https://www.visor-libros.com/
Diógenes,Librería,Alcalá de Henares,Calle de Ramón y Cajal 3,info@libreriadiogenes.com,+34918893767,https://www.libreriadiogenes.com/
Diógenes,Librería,Alcalá de Henares,Calle de Ramón y Cajal 4,info@libreriadiogenes.com,+34918893767,https://www.libreriadiogenes.com/
Master Regalos,Tienda de regalos,Fuenlabrada,Calle de Astorga 17,info@masterregalos.es,+34 91 642 19 71,http://www.masterregalos.es
Mariflauers,Floristería,Torrejón de Ardoz,,mariflauers@mariflauers.com,,https://www.mariflauers.com/
MGI Tiendas,Bazar/Boutique,Torrejón de Ardoz,,torrejon@tiendasmgi.es,+34 663 111 875,
Laos Garden,Floristería,Las Rozas de Madrid,Paseo de los Alemanes 6,laosgarden@laosgarden.com,+34 916300415,https://www.laosgarden.com/
Centro Artesano,Artesanía,San Sebastián de los Reyes,,info@centroartesano.es,+34 916 67 89 06,https://www.centroartesano.es/
Fronda,Centro jardinería,San Sebastián de los Reyes,Carretera de Algete 23.5,atencionalcliente@fronda.com,+34 91 623 7696,https://www.fronda.com/
Hiper Grow,Centro jardinería,Collado Villalba,Calle Destornillador 23,growvillalba@growvillalba.com,+34 91 849 79 59,https://growvillalba.com/
Librería Serendipias,Librería,Tres Cantos,Sector Foresta 41,letonia@serendipiaslibrosymas.es,+34913486121,https://serendipiaslibrosymas.es/
Viveros Peña,Centro jardinería,San Fernando de Henares,,tienda@viverospena.com,+34 91 671 24 11,https://www.viverospena.com/
Manos y Colores,Tienda de regalos,Galapagar,Calle del Álamo 7 (local),coral@manosycolores.com,+34 91 858 43 35,http://manosycolores.es
Floristería Maflor,Floristería,Galapagar,Calle Calvario 7,maflor1@hotmail.es,+34 918 58 23 95,
Librería Papelería Picos,Librería,Galapagar,,libreriapicos@telefonica.net,,
Elisabeth Floristas,Floristería,Ciempozuelos,Avenida del Consuelo 9,elisabeth1@elisabetfloristas.com,+34 91 893 31 18,http://www.elisabetfloristas.com
Elisabeth Floristas,Floristería,Ciempozuelos,Avenida del Consuelo 9,elisabeth1@elisabetfloristas.com,+34 91 893 31 18,http://www.elisabetfloristas.com
Jardiflor,Centro jardinería,Guadarrama,Calle Estrella Polar 1,jardiflor@jardiflor.es,+34 91 850 09 56,http://www.jardiflor.es/
La Guarida,Librería,Cercedilla,"Plaza de María Minguez 7, local 5",info@librerialaguarida.com,+34 622 74 33 93,https://librerialaguarida.com
Verdencina Garden,Centro jardinería,Hoyo de Manzanares,,info@decoracionfloral.net,+34 918569766;,https://www.decoracionfloral.net/
My Graden,Centro jardinería,Latina,94,bruno.lamante@gmail.com,+39 077 1502065,
Garden Center,Centro jardinería,Latina,33,info@gardencenterfondi.com,,https://www.gardencenterfondi.com/
Pianeta Regalo,Tienda de regalos,Latina,9,pianetaregali@libero.it,+39 0771 513026,https://www.facebook.com/pages/Pianeta-Regalo/514897521883244
Campus Librería Universitaria,Librería,Salamanca,,info@libroscampus.com,,http://www.libroscampus.com/
Ratio Legis,Librería,Salamanca,Paseo Francisco Tomás y Valiente 14,ratiolegis@ratiolegis.net,+34 923 227 037,https://www.ratiolegis.net/
"Joyería Paco Moro, Joyas de Autor",Joyería,Salamanca,Calle Meléndez 8,contacto@pacomoro.com,+34 923 123 008,https://www.pacomoro.com/
